seed,model,train_ratio,epoch,train_samples,source_loads,target_load,use_augmentation,amp_scale_min,amp_scale_max,noise_snr_min_db,noise_snr_max_db,max_time_shift,train_loss,train_acc,train_macro_f1,source_val_loss,source_val_acc,source_val_macro_f1
42,CNN1D,0.1,1,482,0+1+2,3,True,0.8,1.2,10.0,30.0,64,2.186331256296625,0.2717842323651452,0.2487882404117908,2.276915597914796,0.16442429846096016,0.09568094543974111
42,CNN1D,0.1,2,482,0+1+2,3,True,0.8,1.2,10.0,30.0,64,1.8871975612838239,0.6203319502074689,0.5730181264503749,2.1613309606295465,0.29148338705322,0.18796385334204588
42,CNN1D,0.1,3,482,0+1+2,3,True,0.8,1.2,10.0,30.0,64,1.676404704196819,0.6701244813278008,0.6144881327560978,1.8973591964173184,0.4689869307600318,0.4159493516442487
42,CNN1D,0.1,4,482,0+1+2,3,True,0.8,1.2,10.0,30.0,64,1.491430220762229,0.7157676348547718,0.6577936900854979,1.5681969785341003,0.6539914778673246,0.5808745125129757
42,CNN1D,0.1,5,482,0+1+2,3,True,0.8,1.2,10.0,30.0,64,1.3247671809928545,0.7261410788381742,0.6773347257555531,1.3165437641965043,0.6679355394190701,0.5921491399047678
42,CNN1D,0.1,6,482,0+1+2,3,True,0.8,1.2,10.0,30.0,64,1.1815737644171813,0.7697095435684648,0.7260619359996723,1.1226044509481554,0.6839202631084321,0.6103001225475843
42,CNN1D,0.1,7,482,0+1+2,3,True,0.8,1.2,10.0,30.0,64,1.069763021845046,0.8049792531120332,0.7695282751946839,0.9625493332814908,0.773131963784014,0.7167637271088209
42,CNN1D,0.1,8,482,0+1+2,3,True,0.8,1.2,10.0,30.0,64,0.9657888241823284,0.8236514522821576,0.7969369281243754,0.8635485867561016,0.764701778706898,0.7101726418301689
42,CNN1D,0.1,9,482,0+1+2,3,True,0.8,1.2,10.0,30.0,64,0.8681590853885002,0.8734439834024896,0.8650217607813044,0.7605731769527808,0.8268506234215423,0.7909764517657152
42,CNN1D,0.1,10,482,0+1+2,3,True,0.8,1.2,10.0,30.0,64,0.8034615318804855,0.8858921161825726,0.8809869387083447,0.6761823164969951,0.8428440965989443,0.8112562921657652
42,CNN1D,0.3,1,1456,0+1+2,3,True,0.8,1.2,10.0,30.0,64,1.9233336710667872,0.5439560439560439,0.5431795206286238,1.928161932245329,0.42070803138981433,0.36371393632656224
42,CNN1D,0.3,2,1456,0+1+2,3,True,0.8,1.2,10.0,30.0,64,1.363182931155949,0.7355769230769231,0.692101322798411,1.1631182942735563,0.6800556979604501,0.6029716035709639
42,CNN1D,0.3,3,1456,0+1+2,3,True,0.8,1.2,10.0,30.0,64,1.0163891636408293,0.801510989010989,0.7725896290646111,0.812691762673444,0.7999515987514333,0.7433270581150127
42,CNN1D,0.3,4,1456,0+1+2,3,True,0.8,1.2,10.0,30.0,64,0.7640543553855393,0.8866758241758241,0.8815239685568326,0.5622371393078002,0.8990565162756073,0.8831839561196339
42,CNN1D,0.3,5,1456,0+1+2,3,True,0.8,1.2,10.0,30.0,64,0.5919150474307301,0.9203296703296703,0.9204261545369748,0.418370321981724,0.9370514594654934,0.9251207555911494
42,CNN1D,0.3,6,1456,0+1+2,3,True,0.8,1.2,10.0,30.0,64,0.46712617297748943,0.9512362637362637,0.9520148596389231,0.31978396015147226,0.9424974576417258,0.9300706828346162
42,CNN1D,0.3,7,1456,0+1+2,3,True,0.8,1.2,10.0,30.0,64,0.37691577843257357,0.9629120879120879,0.9634172390959523,0.2591193522978998,0.9519602013203027,0.942818381378022
42,CNN1D,0.3,8,1456,0+1+2,3,True,0.8,1.2,10.0,30.0,64,0.30998936492008167,0.967032967032967,0.9677208026857684,0.21015422745464749,0.966718806556699,0.9626220986176027
42,CNN1D,0.3,9,1456,0+1+2,3,True,0.8,1.2,10.0,30.0,64,0.26286508847068957,0.9739010989010989,0.9743265290573309,0.16377615793446054,0.9826566638513999,0.9822517231325433
42,CNN1D,0.3,10,1456,0+1+2,3,True,0.8,1.2,10.0,30.0,64,0.2202548962700498,0.9745879120879121,0.9750578617619498,0.13418503020261205,0.9855681668016846,0.9853334925402045
42,CNN1D,0.5,1,2429,0+1+2,3,True,0.8,1.2,10.0,30.0,64,1.747488244515282,0.5187319884726225,0.48049167193060455,1.3701470402227738,0.6659526436011777,0.5885919142038183
42,CNN1D,0.5,2,2429,0+1+2,3,True,0.8,1.2,10.0,30.0,64,1.0337922809152458,0.8106216550020584,0.7864174243167477,0.7256797324913661,0.8350009028552386,0.8014558135948268
42,CNN1D,0.5,3,2429,0+1+2,3,True,0.8,1.2,10.0,30.0,64,0.662690827757206,0.9036640592836558,0.9015957507949304,0.413071871579302,0.9419703132989756,0.9314403260763223
42,CNN1D,0.5,4,2429,0+1+2,3,True,0.8,1.2,10.0,30.0,64,0.45020656597471964,0.9543021819678881,0.9549807104930691,0.30129265173077213,0.9582098063211357,0.9535502362165826
42,CNN1D,0.5,5,2429,0+1+2,3,True,0.8,1.2,10.0,30.0,64,0.31983122332638897,0.968299711815562,0.9688573990214688,0.183291337373558,0.9855178941804414,0.9854241699104643
42,CNN1D,0.5,6,2429,0+1+2,3,True,0.8,1.2,10.0,30.0,64,0.23848305662235836,0.9794153972828324,0.9798039016363965,0.16316301544894365,0.9612972634457716,0.9561806902568954
42,CNN1D,0.5,7,2429,0+1+2,3,True,0.8,1.2,10.0,30.0,64,0.1858835172240947,0.986002470152326,0.9862866629042368,0.10487794389429395,0.9860701748338131,0.9858074570511984
42,CNN1D,0.5,8,2429,0+1+2,3,True,0.8,1.2,10.0,30.0,64,0.15645031083165103,0.9855907780979827,0.9859045271641653,0.09459843416264783,0.9976156413924654,0.9976030995534542
42,CNN1D,0.5,9,2429,0+1+2,3,True,0.8,1.2,10.0,30.0,64,0.12140687990024189,0.9921778509674763,0.9923279171117662,0.0535507916790647,0.9994979919678716,0.9995237852271375
42,CNN1D,0.5,10,2429,0+1+2,3,True,0.8,1.2,10.0,30.0,64,0.10072258193032052,0.9938246191848498,0.9939319788602633,0.04495250727367616,0.9994979919678716,0.9995237852271375
42,CNN1D,1.0,1,4866,0+1+2,3,True,0.8,1.2,10.0,30.0,64,1.3878054045572528,0.707357172215372,0.6807295992495689,0.7174113063587108,0.8098483285276812,0.7631641430484223
42,CNN1D,1.0,2,4866,0+1+2,3,True,0.8,1.2,10.0,30.0,64,0.5635593945334294,0.9311549527332511,0.9312093794319132,0.2870557856236471,0.9616484536141705,0.957815724523293
42,CNN1D,1.0,3,4866,0+1+2,3,True,0.8,1.2,10.0,30.0,64,0.3033465091652014,0.9665022605836416,0.9671078956621632,0.1881433915933083,0.9584863057379733,0.9499867336195194
42,CNN1D,1.0,4,4866,0+1+2,3,True,0.8,1.2,10.0,30.0,64,0.18293092145970757,0.9845869297163995,0.984884524818253,0.07765680471244918,0.9942524030312955,0.9942531518955153
42,CNN1D,1.0,5,4866,0+1+2,3,True,0.8,1.2,10.0,30.0,64,0.12820788947241424,0.9909576654336211,0.9911195431393495,0.04920386616968988,0.9994979919678716,0.9995237852271375
42,CNN1D,1.0,6,4866,0+1+2,3,True,0.8,1.2,10.0,30.0,64,0.09139622541498951,0.9954788327168105,0.9955555960919028,0.05985424924232243,0.9899605575377333,0.9897012777490763
42,CNN1D,1.0,7,4866,0+1+2,3,True,0.8,1.2,10.0,30.0,64,0.07369354753106208,0.9960953555281545,0.9961629762624552,0.03292245647168324,0.9985442485248576,0.9985712098716227
42,CNN1D,1.0,8,4866,0+1+2,3,True,0.8,1.2,10.0,30.0,64,0.06514062807484512,0.9956843403205918,0.9957554441425451,0.02583718962289182,0.9994979919678716,0.9995237852271375
42,CNN1D,1.0,9,4866,0+1+2,3,True,0.8,1.2,10.0,30.0,64,0.05371518401858545,0.9958898479243732,0.9959637652041717,0.08704895489550808,0.967951774397816,0.9620354383708857
42,CNN1D,1.0,10,4866,0+1+2,3,True,0.8,1.2,10.0,30.0,64,0.04508704517880341,0.9958898479243732,0.9959601409308314,0.03303316274358208,0.9913660363916322,0.9913275459568647
42,CNN-BiLSTM,0.1,1,482,0+1+2,3,True,0.8,1.2,10.0,30.0,64,2.3334153935127735,0.0995850622406639,0.08820537511554764,2.255105933067601,0.20275608873261286,0.06788503922090755
42,CNN-BiLSTM,0.1,2,482,0+1+2,3,True,0.8,1.2,10.0,30.0,64,2.272917596136386,0.11618257261410789,0.08860996082063799,2.20976591529609,0.29414288258695936,0.1762336256487288
42,CNN-BiLSTM,0.1,3,482,0+1+2,3,True,0.8,1.2,10.0,30.0,64,2.222637077584801,0.18464730290456433,0.17195147387093296,2.123180089648002,0.23037728678868344,0.14359733467674687
42,CNN-BiLSTM,0.1,4,482,0+1+2,3,True,0.8,1.2,10.0,30.0,64,2.1249161112852613,0.2572614107883817,0.249052520802306,1.9215517014776007,0.5587543552505546,0.5182384816815694
42,CNN-BiLSTM,0.1,5,482,0+1+2,3,True,0.8,1.2,10.0,30.0,64,1.9453303670487463,0.35892116182572614,0.32577827711342777,1.6668709031180784,0.6297844720389837,0.561843891152166
42,CNN-BiLSTM,0.1,6,482,0+1+2,3,True,0.8,1.2,10.0,30.0,64,1.7576742167294768,0.43568464730290457,0.4030851972598139,1.4698335376041705,0.6268980356332339,0.5700461634229711
42,CNN-BiLSTM,0.1,7,482,0+1+2,3,True,0.8,1.2,10.0,30.0,64,1.50344789967992,0.5767634854771784,0.5439407580630291,1.2015857955408442,0.8050748056604099,0.7693845711837316
42,CNN-BiLSTM,0.1,8,482,0+1+2,3,True,0.8,1.2,10.0,30.0,64,1.2587752980315339,0.6680497925311203,0.6389768503694001,0.940549243495068,0.871705756194613,0.8567192081228541
42,CNN-BiLSTM,0.1,9,482,0+1+2,3,True,0.8,1.2,10.0,30.0,64,1.0687989441685657,0.7510373443983402,0.7443672533171399,0.7411893410483085,0.9053700557389993,0.894464395453303
42,CNN-BiLSTM,0.1,10,482,0+1+2,3,True,0.8,1.2,10.0,30.0,64,0.9192273814648514,0.8153526970954357,0.8069058210083057,0.5971766888836069,0.9148972714893912,0.899447049264845
42,CNN-BiLSTM,0.3,1,1456,0+1+2,3,True,0.8,1.2,10.0,30.0,64,2.28699628337399,0.13942307692307693,0.12799837911403605,2.146596428328229,0.5232464663477124,0.4701597996991452
42,CNN-BiLSTM,0.3,2,1456,0+1+2,3,True,0.8,1.2,10.0,30.0,64,1.9817976519301697,0.3385989010989011,0.3149872802924057,1.534018130297901,0.8038462125633128,0.7948146186877058
42,CNN-BiLSTM,0.3,3,1456,0+1+2,3,True,0.8,1.2,10.0,30.0,64,1.369470069696615,0.6318681318681318,0.6068206101225738,0.8974062425921203,0.8265449002221844,0.7994431923030604
42,CNN-BiLSTM,0.3,4,1456,0+1+2,3,True,0.8,1.2,10.0,30.0,64,0.8368870419460338,0.8145604395604396,0.8087070265237898,0.4361826848546371,0.9424546787189634,0.9380599399158402
42,CNN-BiLSTM,0.3,5,1456,0+1+2,3,True,0.8,1.2,10.0,30.0,64,0.5055184200569823,0.8997252747252747,0.8986371997130675,0.24753887318319615,0.9834093168094409,0.9835454250078225
42,CNN-BiLSTM,0.3,6,1456,0+1+2,3,True,0.8,1.2,10.0,30.0,64,0.35296604594031533,0.9278846153846154,0.9282230983950697,0.16901368664767477,0.9737713371368163,0.9732095425801602
42,CNN-BiLSTM,0.3,7,1456,0+1+2,3,True,0.8,1.2,10.0,30.0,64,0.25858241663529324,0.9409340659340659,0.9418337848150538,0.16343627755373277,0.9561766378820001,0.9541184342896766
42,CNN-BiLSTM,0.3,8,1456,0+1+2,3,True,0.8,1.2,10.0,30.0,64,0.22991373709269933,0.9368131868131868,0.937788718128467,0.11113981995560697,0.9839398673787733,0.9841424723887231
42,CNN-BiLSTM,0.3,9,1456,0+1+2,3,True,0.8,1.2,10.0,30.0,64,0.1985879170370626,0.9423076923076923,0.9421840001723139,0.10032862153550097,0.9718400764307997,0.9710501466880839
42,CNN-BiLSTM,0.3,10,1456,0+1+2,3,True,0.8,1.2,10.0,30.0,64,0.1639148596223894,0.9567307692307693,0.9571100937813138,0.08218469930028584,0.9830078540197987,0.983008199924711
42,CNN-BiLSTM,0.5,1,2429,0+1+2,3,True,0.8,1.2,10.0,30.0,64,2.1683185629120283,0.21819678880197613,0.20816410925978168,1.675357362014574,0.6258594155900118,0.5536216562833877
42,CNN-BiLSTM,0.5,2,2429,0+1+2,3,True,0.8,1.2,10.0,30.0,64,1.3276825611755259,0.6344174557431042,0.6122508432779521,0.6831464056982496,0.9034116149864121,0.8886956827418797
42,CNN-BiLSTM,0.5,3,2429,0+1+2,3,True,0.8,1.2,10.0,30.0,64,0.5692468941481627,0.8830794565664882,0.8820249209607957,0.24054209773468896,0.9742495713489561,0.9740932671564112
42,CNN-BiLSTM,0.5,4,2429,0+1+2,3,True,0.8,1.2,10.0,30.0,64,0.3244739133495026,0.9263071222725402,0.9267896640518878,0.21817652107164276,0.9307060779393889,0.9239262533351109
42,CNN-BiLSTM,0.5,5,2429,0+1+2,3,True,0.8,1.2,10.0,30.0,64,0.22363346125570135,0.9427748044462742,0.9434549444842812,0.11256256779577563,0.9820038379555417,0.9821648909513212
42,CNN-BiLSTM,0.5,6,2429,0+1+2,3,True,0.8,1.2,10.0,30.0,64,0.18861999023765535,0.9489501852614245,0.9496319122476023,0.07910178853548262,0.9873499721346043,0.9874642728644657
42,CNN-BiLSTM,0.5,7,2429,0+1+2,3,True,0.8,1.2,10.0,30.0,64,0.15979421400714677,0.9538904899135446,0.9544014960053737,0.11239754509603965,0.9757372715878843,0.9759611333298778
42,CNN-BiLSTM,0.5,8,2429,0+1+2,3,True,0.8,1.2,10.0,30.0,64,0.13348851154166125,0.9629477151090984,0.9634402951359039,0.047162317272514305,0.9872507893827507,0.9875164969277752
42,CNN-BiLSTM,0.5,9,2429,0+1+2,3,True,0.8,1.2,10.0,30.0,64,0.08791188130323142,0.9798270893371758,0.9800637255565604,0.039937200414941816,0.9888057236097465,0.9888975651300513
42,CNN-BiLSTM,0.5,10,2429,0+1+2,3,True,0.8,1.2,10.0,30.0,64,0.09416867520532868,0.9736517085220255,0.9740934065097839,0.06482120022830094,0.9777371287726012,0.9771406296794423
42,CNN-BiLSTM,1.0,1,4866,0+1+2,3,True,0.8,1.2,10.0,30.0,64,1.7252839825866744,0.4352651048088779,0.4220332163012907,0.6025611226297051,0.9316102997725625,0.9306319754554422
42,CNN-BiLSTM,1.0,2,4866,0+1+2,3,True,0.8,1.2,10.0,30.0,64,0.4326377917851287,0.9169749280723387,0.916820040737603,0.21129191715239823,0.9319097850629987,0.9209163631923424
42,CNN-BiLSTM,1.0,3,4866,0+1+2,3,True,0.8,1.2,10.0,30.0,64,0.20028490305063268,0.945540484997945,0.9461643902801926,0.14642561245179864,0.9393121802558692,0.930913899827098
42,CNN-BiLSTM,1.0,4,4866,0+1+2,3,True,0.8,1.2,10.0,30.0,64,0.13678447630882656,0.9656802301685162,0.9660874921318902,0.04898057823874486,0.9842631962552848,0.9846308920713742
42,CNN-BiLSTM,1.0,5,4866,0+1+2,3,True,0.8,1.2,10.0,30.0,64,0.11272144535815966,0.9662967529798603,0.9667524680179099,0.04721030735336008,0.9878295688373769,0.9879967449072568
42,CNN-BiLSTM,1.0,6,4866,0+1+2,3,True,0.8,1.2,10.0,30.0,64,0.09141365014570906,0.9720509658857378,0.9724623215014248,0.03947104230557541,0.9893879092909549,0.9894192150468069
42,CNN-BiLSTM,1.0,7,4866,0+1+2,3,True,0.8,1.2,10.0,30.0,64,0.07582996423064169,0.9765721331689272,0.9769004282528035,0.03485767892579622,0.9893831405737399,0.989399618915046
42,CNN-BiLSTM,1.0,8,4866,0+1+2,3,True,0.8,1.2,10.0,30.0,64,0.06249455420742102,0.9792437320180847,0.9795023141084533,0.06673890128891218,0.9718896678067267,0.9706058265847828
42,CNN-BiLSTM,1.0,9,4866,0+1+2,3,True,0.8,1.2,10.0,30.0,64,0.046675001305902734,0.9866420057542129,0.9868058752113393,0.07587196922188184,0.972393038329488,0.9711964360230819
42,CNN-BiLSTM,1.0,10,4866,0+1+2,3,True,0.8,1.2,10.0,30.0,64,0.059551445735894847,0.9831483764899301,0.9834094343056611,0.031305251997566626,0.9898851486058685,0.9898772940208483
42,CNN-BiLSTM-Attention,0.1,1,482,0+1+2,3,True,0.8,1.2,10.0,30.0,64,2.344344003566568,0.0995850622406639,0.08503155637247746,2.2680383020355412,0.1119188136153853,0.037093426160588396
42,CNN-BiLSTM-Attention,0.1,2,482,0+1+2,3,True,0.8,1.2,10.0,30.0,64,2.2776535566417015,0.15352697095435686,0.12178235750283326,2.2273829354765415,0.2349184147175253,0.12540963880757913
42,CNN-BiLSTM-Attention,0.1,3,482,0+1+2,3,True,0.8,1.2,10.0,30.0,64,2.225743895249743,0.21369294605809128,0.17672027955119188,2.1185654726135965,0.3984139624100325,0.32332854359417573
42,CNN-BiLSTM-Attention,0.1,4,482,0+1+2,3,True,0.8,1.2,10.0,30.0,64,2.1269283324356394,0.3215767634854772,0.28091334693769526,1.956810516374957,0.47831922416828565,0.3858778474737306
42,CNN-BiLSTM-Attention,0.1,5,482,0+1+2,3,True,0.8,1.2,10.0,30.0,64,1.9457499901783417,0.36929460580912865,0.32349012597890947,1.7453324312988838,0.44249883654790834,0.3631365020471186
42,CNN-BiLSTM-Attention,0.1,6,482,0+1+2,3,True,0.8,1.2,10.0,30.0,64,1.6960272507054182,0.4170124481327801,0.3575505198356299,1.4742169859480214,0.604914421635038,0.5463927757454383
42,CNN-BiLSTM-Attention,0.1,7,482,0+1+2,3,True,0.8,1.2,10.0,30.0,64,1.485749967365344,0.5414937759336099,0.5142457673194083,1.178624109808224,0.7759985373745133,0.7414423515826885
42,CNN-BiLSTM-Attention,0.1,8,482,0+1+2,3,True,0.8,1.2,10.0,30.0,64,1.2031469839737128,0.6514522821576764,0.6390676096301348,0.923601506582818,0.8531124908380713,0.8326530994346791
42,CNN-BiLSTM-Attention,0.1,9,482,0+1+2,3,True,0.8,1.2,10.0,30.0,64,0.973742920086097,0.7966804979253111,0.7894839119892184,0.7431970656233933,0.919976480621033,0.9167488031394807
42,CNN-BiLSTM-Attention,0.1,10,482,0+1+2,3,True,0.8,1.2,10.0,30.0,64,0.8243503944013129,0.8506224066390041,0.8503843207253391,0.5571943281400227,0.9535524973386291,0.9541732436833623
42,CNN-BiLSTM-Attention,0.3,1,1456,0+1+2,3,True,0.8,1.2,10.0,30.0,64,2.281187421672947,0.14835164835164835,0.12790529389636834,2.147150630173551,0.20553986639384023,0.10658165687066562
42,CNN-BiLSTM-Attention,0.3,2,1456,0+1+2,3,True,0.8,1.2,10.0,30.0,64,1.9878039975742718,0.3166208791208791,0.2738595602003066,1.5400754529139935,0.6132922903549617,0.5377339498327086
42,CNN-BiLSTM-Attention,0.3,3,1456,0+1+2,3,True,0.8,1.2,10.0,30.0,64,1.3714094515685196,0.5769230769230769,0.5461502547114618,0.9235408324600858,0.8552658539327963,0.8438029168667707
42,CNN-BiLSTM-Attention,0.3,4,1456,0+1+2,3,True,0.8,1.2,10.0,30.0,64,0.8217146907533918,0.8097527472527473,0.8062428801343149,0.43736637120452726,0.9494162384260115,0.9499467660513042
42,CNN-BiLSTM-Attention,0.3,5,1456,0+1+2,3,True,0.8,1.2,10.0,30.0,64,0.4932080035681253,0.8997252747252747,0.9004090906975989,0.25731412520500657,0.9735736528784257,0.9739350603134396
42,CNN-BiLSTM-Attention,0.3,6,1456,0+1+2,3,True,0.8,1.2,10.0,30.0,64,0.3444188875811441,0.9237637362637363,0.9238315709239524,0.17956522440577638,0.9716641222564487,0.9719090105535612
42,CNN-BiLSTM-Attention,0.3,7,1456,0+1+2,3,True,0.8,1.2,10.0,30.0,64,0.25049281447798344,0.9429945054945055,0.9432816786680865,0.15841824687196607,0.9403698751679516,0.9336980560588902
42,CNN-BiLSTM-Attention,0.3,8,1456,0+1+2,3,True,0.8,1.2,10.0,30.0,64,0.19186378196700588,0.9581043956043956,0.9585093630464308,0.09847466625771438,0.9824304370558056,0.982639992816853
42,CNN-BiLSTM-Attention,0.3,9,1456,0+1+2,3,True,0.8,1.2,10.0,30.0,64,0.16967811836646154,0.9629120879120879,0.9632871518306724,0.10302026333756642,0.9667697234882716,0.9661223564851958
42,CNN-BiLSTM-Attention,0.3,10,1456,0+1+2,3,True,0.8,1.2,10.0,30.0,64,0.16271704468098316,0.9587912087912088,0.9591491232315461,0.1787156451839391,0.9276750246438441,0.915655326404497
42,CNN-BiLSTM-Attention,0.5,1,2429,0+1+2,3,True,0.8,1.2,10.0,30.0,64,2.1883174957881595,0.2099629477151091,0.18376387121636434,1.7222493915258685,0.4602000686169981,0.40317323697169255
42,CNN-BiLSTM-Attention,0.5,2,2429,0+1+2,3,True,0.8,1.2,10.0,30.0,64,1.3374736822156956,0.5928365582544257,0.5670067521819396,0.6965465804663573,0.8936323548844879,0.8821616922547126
42,CNN-BiLSTM-Attention,0.5,3,2429,0+1+2,3,True,0.8,1.2,10.0,30.0,64,0.5780110710586919,0.8801976121860848,0.8788680712224102,0.24422049762935613,0.9696839514198219,0.9698040437181489
42,CNN-BiLSTM-Attention,0.5,4,2429,0+1+2,3,True,0.8,1.2,10.0,30.0,64,0.2977294122279549,0.9423631123919308,0.9425394597399048,0.14661150519009536,0.9648364190463058,0.9641988280990704
42,CNN-BiLSTM-Attention,0.5,5,2429,0+1+2,3,True,0.8,1.2,10.0,30.0,64,0.2278148565838591,0.9419514203375875,0.9423141111537774,0.1265914504121419,0.9619004610307159,0.9615521008636844
42,CNN-BiLSTM-Attention,0.5,6,2429,0+1+2,3,True,0.8,1.2,10.0,30.0,64,0.1817800764833374,0.9526554137505147,0.9527874241074041,0.08702723941508794,0.9778383183254169,0.9784598725531272
42,CNN-BiLSTM-Attention,0.5,7,2429,0+1+2,3,True,0.8,1.2,10.0,30.0,64,0.14919439145889535,0.9604775627830383,0.9608664485791213,0.06104838929611128,0.9877514349242463,0.9880461498938868
42,CNN-BiLSTM-Attention,0.5,8,2429,0+1+2,3,True,0.8,1.2,10.0,30.0,64,0.11103076072154393,0.9711815561959655,0.9715234131517467,0.06991604878529999,0.9779381823225869,0.9781327329897422
42,CNN-BiLSTM-Attention,0.5,9,2429,0+1+2,3,True,0.8,1.2,10.0,30.0,64,0.11125892160875211,0.970769864141622,0.9711382152521241,0.04416812215498401,0.9878030700361226,0.9880055292256925
42,CNN-BiLSTM-Attention,0.5,10,2429,0+1+2,3,True,0.8,1.2,10.0,30.0,64,0.08398487029183839,0.9757101687937423,0.9759721347854946,0.04569623105217697,0.987776571234868,0.9879998837447802
42,CNN-BiLSTM-Attention,1.0,1,4866,0+1+2,3,True,0.8,1.2,10.0,30.0,64,1.7790621166311562,0.40197287299630086,0.3805270911042968,0.7566242295431295,0.8160021570032429,0.7840649370563836
42,CNN-BiLSTM-Attention,1.0,2,4866,0+1+2,3,True,0.8,1.2,10.0,30.0,64,0.43864179289590854,0.9140978216193999,0.9138240206932412,0.15481059598338387,0.9517373807512906,0.9498632139109201
42,CNN-BiLSTM-Attention,1.0,3,4866,0+1+2,3,True,0.8,1.2,10.0,30.0,64,0.19725909962043614,0.9521167283189478,0.9522907917047189,0.07638183157674888,0.9858188117275971,0.9860581464189306
42,CNN-BiLSTM-Attention,1.0,4,4866,0+1+2,3,True,0.8,1.2,10.0,30.0,64,0.11908524643600697,0.968557336621455,0.9688904170781125,0.09778790351452969,0.9662276615146462,0.9664802074842016
42,CNN-BiLSTM-Attention,1.0,5,4866,0+1+2,3,True,0.8,1.2,10.0,30.0,64,0.12199213175945967,0.9660912453760789,0.966561697286292,0.1008690948592999,0.9590935907948163,0.9579110453880654
42,CNN-BiLSTM-Attention,1.0,6,4866,0+1+2,3,True,0.8,1.2,10.0,30.0,64,0.08615702104651776,0.9755445951500206,0.9759499906678529,0.03321627452072609,0.9902866113955104,0.9903624085327198
42,CNN-BiLSTM-Attention,1.0,7,4866,0+1+2,3,True,0.8,1.2,10.0,30.0,64,0.07092454362403414,0.977599671187834,0.9778970010865793,0.02999567818050618,0.9907132104957742,0.9908307415208637
42,CNN-BiLSTM-Attention,1.0,8,4866,0+1+2,3,True,0.8,1.2,10.0,30.0,64,0.06842521600442063,0.9812988080558981,0.981641070248726,0.04260173150407861,0.9859696295913266,0.9859581015274529
42,CNN-BiLSTM-Attention,1.0,9,4866,0+1+2,3,True,0.8,1.2,10.0,30.0,64,0.06932801978438297,0.9784217016029593,0.9787609331894259,0.05545469767341563,0.9767093388883555,0.9764447325536926
42,CNN-BiLSTM-Attention,1.0,10,4866,0+1+2,3,True,0.8,1.2,10.0,30.0,64,0.05199916838973369,0.9854089601315249,0.9856072526951969,0.01702036080466468,0.9936749860673021,0.9937964889774765
2024,CNN1D,0.1,1,482,0+1+2,3,True,0.8,1.2,10.0,30.0,64,2.191338782488558,0.25933609958506226,0.2449356582124161,2.279130915954516,0.10185491608781334,0.01897110776146316
2024,CNN1D,0.1,2,482,0+1+2,3,True,0.8,1.2,10.0,30.0,64,1.9319916463986473,0.6431535269709544,0.6024364566215056,2.1371889921918332,0.35808371437928294,0.26005111834715067
2024,CNN1D,0.1,3,482,0+1+2,3,True,0.8,1.2,10.0,30.0,64,1.725708993144055,0.7717842323651453,0.7446891761903691,1.8779092335816934,0.48984091690694925,0.4096972002248747
2024,CNN1D,0.1,4,482,0+1+2,3,True,0.8,1.2,10.0,30.0,64,1.5351598480430382,0.8298755186721992,0.8114744892447948,1.5856420034297998,0.7664441415775508,0.7104016115586621
2024,CNN1D,0.1,5,482,0+1+2,3,True,0.8,1.2,10.0,30.0,64,1.3713539260056997,0.8526970954356846,0.843001699025826,1.3521840551630016,0.7086535883981461,0.6651177072382343
2024,CNN1D,0.1,6,482,0+1+2,3,True,0.8,1.2,10.0,30.0,64,1.20529496521376,0.8713692946058091,0.8670588145915332,1.1467886233355955,0.7608010336871706,0.7325496497840883
2024,CNN1D,0.1,7,482,0+1+2,3,True,0.8,1.2,10.0,30.0,64,1.1032964629256379,0.9024896265560166,0.8997780636587175,0.9670409821393747,0.9059895334454516,0.8940158287754204
2024,CNN1D,0.1,8,482,0+1+2,3,True,0.8,1.2,10.0,30.0,64,0.9691891408065543,0.9377593360995851,0.937084259323318,0.8420467092661165,0.9135502402005323,0.8954639463543718
2024,CNN1D,0.1,9,482,0+1+2,3,True,0.8,1.2,10.0,30.0,64,0.8835623420125716,0.9315352697095436,0.9300280804423403,0.7450506557531155,0.9436597852681933,0.9341813247643841
2024,CNN1D,0.1,10,482,0+1+2,3,True,0.8,1.2,10.0,30.0,64,0.7925823998649091,0.9273858921161826,0.9256778311130006,0.6531447241040437,0.938111198113525,0.9252780195194891
2024,CNN1D,0.3,1,1456,0+1+2,3,True,0.8,1.2,10.0,30.0,64,1.965111684013199,0.47046703296703296,0.4300683462666825,1.9139428479285676,0.447279171868344,0.3482744748163793
2024,CNN1D,0.3,2,1456,0+1+2,3,True,0.8,1.2,10.0,30.0,64,1.4140198086644267,0.8392857142857143,0.8221598777929191,1.1897922752485977,0.8012297462894701,0.7783217683693214
2024,CNN1D,0.3,3,1456,0+1+2,3,True,0.8,1.2,10.0,30.0,64,1.0232780942550073,0.9004120879120879,0.8974518748786678,0.7984125984128146,0.9298073758348333,0.9203998375042154
2024,CNN1D,0.3,4,1456,0+1+2,3,True,0.8,1.2,10.0,30.0,64,0.7592006227472327,0.9313186813186813,0.9294311823267712,0.5745713839043018,0.9360753046931235,0.9238835060890674
2024,CNN1D,0.3,5,1456,0+1+2,3,True,0.8,1.2,10.0,30.0,64,0.5865817492479807,0.9532967032967034,0.9538206892818586,0.46222242154219106,0.9467138942034232,0.939869521194904
2024,CNN1D,0.3,6,1456,0+1+2,3,True,0.8,1.2,10.0,30.0,64,0.46316318688811836,0.959478021978022,0.9599443916123056,0.3320170843552559,0.9417692228140028,0.9332366568880031
2024,CNN1D,0.3,7,1456,0+1+2,3,True,0.8,1.2,10.0,30.0,64,0.3734307655921349,0.9567307692307693,0.9571452134582294,0.2585337566903256,0.9634553952577117,0.9613267835586928
2024,CNN1D,0.3,8,1456,0+1+2,3,True,0.8,1.2,10.0,30.0,64,0.31940004098546376,0.9656593406593407,0.9662629141388454,0.20941515178391992,0.9678477859937605,0.9667481944316826
2024,CNN1D,0.3,9,1456,0+1+2,3,True,0.8,1.2,10.0,30.0,64,0.26841282042173237,0.970467032967033,0.970869784663092,0.18045881287187593,0.9879022527879759,0.9878263412522833
2024,CNN1D,0.3,10,1456,0+1+2,3,True,0.8,1.2,10.0,30.0,64,0.22904285903160387,0.9807692307692307,0.9810809781892628,0.1599996228786909,0.9694040827113892,0.9679285921191564
2024,CNN1D,0.5,1,2429,0+1+2,3,True,0.8,1.2,10.0,30.0,64,1.7557830088616595,0.6327706875257307,0.6139228232919194,1.4071579550493272,0.7256002304743191,0.6807303933744575
2024,CNN1D,0.5,2,2429,0+1+2,3,True,0.8,1.2,10.0,30.0,64,1.0165126793862567,0.9102511321531495,0.9083242617416989,0.7115599170578194,0.9337718049799854,0.9207093755885264
2024,CNN1D,0.5,3,2429,0+1+2,3,True,0.8,1.2,10.0,30.0,64,0.6309774887075931,0.9473034170440511,0.9464477040942413,0.4041554857534719,0.938933128795583,0.9267157928638702
2024,CNN1D,0.5,4,2429,0+1+2,3,True,0.8,1.2,10.0,30.0,64,0.4253634195874482,0.9650061753808151,0.9653688788015504,0.26438207770493355,0.9699060907435176,0.9684508002947033
2024,CNN1D,0.5,5,2429,0+1+2,3,True,0.8,1.2,10.0,30.0,64,0.3017508732948641,0.9703581720872787,0.9708591487450997,0.209942304584534,0.9462621587925378,0.9389412681332855
2024,CNN1D,0.5,6,2429,0+1+2,3,True,0.8,1.2,10.0,30.0,64,0.23497173604821903,0.9744750926307122,0.9749192826238036,0.14918172453504416,0.9724161309041603,0.9709860300557865
2024,CNN1D,0.5,7,2429,0+1+2,3,True,0.8,1.2,10.0,30.0,64,0.1783177375658494,0.984767393989296,0.9850285064750659,0.12065404617357346,0.9898851486058685,0.9897129706345164
2024,CNN1D,0.5,8,2429,0+1+2,3,True,0.8,1.2,10.0,30.0,64,0.15039653349445406,0.9814738575545492,0.9818462446897843,0.09569980942777286,0.983660679915657,0.9831960188467047
2024,CNN1D,0.5,9,2429,0+1+2,3,True,0.8,1.2,10.0,30.0,64,0.11757486432287712,0.991766158913133,0.9919080414731798,0.07918421556659488,0.9893831405737399,0.9894010792479858
2024,CNN1D,0.5,10,2429,0+1+2,3,True,0.8,1.2,10.0,30.0,64,0.10084802419646574,0.9897076986414162,0.9899066809992506,0.049456187304357045,0.9990211202463645,0.9990475704542748
2024,CNN1D,1.0,1,4866,0+1+2,3,True,0.8,1.2,10.0,30.0,64,1.4094761684016344,0.7759967118783395,0.7700051220680977,0.6650929950945245,0.9368348070393161,0.923940240889071
2024,CNN1D,1.0,2,4866,0+1+2,3,True,0.8,1.2,10.0,30.0,64,0.5461878911781546,0.9523222359227291,0.9519345101292661,0.27727513671803933,0.9684503392683754,0.9666717733365644
2024,CNN1D,1.0,3,4866,0+1+2,3,True,0.8,1.2,10.0,30.0,64,0.2963974935940838,0.9693793670365803,0.9698070151579439,0.1636282071295493,0.9640579485323267,0.9613909888550936
2024,CNN1D,1.0,4,4866,0+1+2,3,True,0.8,1.2,10.0,30.0,64,0.19434801982451602,0.9804767776407727,0.9808413183360039,0.13747842291595994,0.9568043274672365,0.9513704743524712
2024,CNN1D,1.0,5,4866,0+1+2,3,True,0.8,1.2,10.0,30.0,64,0.13224232468740274,0.989724619810933,0.9899061621505894,0.05506325041215566,0.9956830181958162,0.9957017814051335
2024,CNN1D,1.0,6,4866,0+1+2,3,True,0.8,1.2,10.0,30.0,64,0.09699741195760242,0.9919852034525277,0.9921241673371981,0.060116779941447686,0.9923449161452678,0.9922979787755245
2024,CNN1D,1.0,7,4866,0+1+2,3,True,0.8,1.2,10.0,30.0,64,0.07795517375035096,0.9940402794903411,0.9941449253640577,0.03648612656204738,0.9951810101636877,0.9952220911517858
2024,CNN1D,1.0,8,4866,0+1+2,3,True,0.8,1.2,10.0,30.0,64,0.05986728503583539,0.9958898479243732,0.995961578375184,0.029503368093223698,0.9995231282784931,0.9995237852271375
2024,CNN1D,1.0,9,4866,0+1+2,3,True,0.8,1.2,10.0,30.0,64,0.04764906673141335,0.9967118783394986,0.9967681985860513,0.05944559355925174,0.9788919627005878,0.9774907916988348
2024,CNN1D,1.0,10,4866,0+1+2,3,True,0.8,1.2,10.0,30.0,64,0.045170494449809896,0.9967118783394986,0.9967694419321382,0.03947614307038128,0.9950566911012126,0.9952662485956468
2024,CNN-BiLSTM,0.1,1,482,0+1+2,3,True,0.8,1.2,10.0,30.0,64,2.35482698753167,0.08713692946058091,0.07862151085105577,2.2855641848943082,0.10185491608781334,0.019028697571743927
2024,CNN-BiLSTM,0.1,2,482,0+1+2,3,True,0.8,1.2,10.0,30.0,64,2.301158654739253,0.12033195020746888,0.10111991157406999,2.259929920521946,0.10185491608781334,0.018486949767532852
2024,CNN-BiLSTM,0.1,3,482,0+1+2,3,True,0.8,1.2,10.0,30.0,64,2.2735855144089188,0.14315352697095435,0.13506527709448196,2.212310456191306,0.349075431092857,0.3328232823963401
2024,CNN-BiLSTM,0.1,4,482,0+1+2,3,True,0.8,1.2,10.0,30.0,64,2.2367052972564063,0.17427385892116182,0.17371219832754695,2.141374975568807,0.39393400702749687,0.36292023282005775
2024,CNN-BiLSTM,0.1,5,482,0+1+2,3,True,0.8,1.2,10.0,30.0,64,2.1266220793189845,0.27800829875518673,0.26915856046597386,1.9467135606049604,0.48452744967197625,0.4242882457788613
2024,CNN-BiLSTM,0.1,6,482,0+1+2,3,True,0.8,1.2,10.0,30.0,64,1.951347498972881,0.38589211618257263,0.37442442728559727,1.6485881635540964,0.6888085306687612,0.6495939903098432
2024,CNN-BiLSTM,0.1,7,482,0+1+2,3,True,0.8,1.2,10.0,30.0,64,1.6404037599247026,0.529045643153527,0.5102558463181681,1.3212111535291768,0.820066487080552,0.8036258034655838
2024,CNN-BiLSTM,0.1,8,482,0+1+2,3,True,0.8,1.2,10.0,30.0,64,1.3811270874070924,0.6410788381742739,0.6316436580490897,1.0462331448768958,0.8766416411610062,0.8632495648186395
2024,CNN-BiLSTM,0.1,9,482,0+1+2,3,True,0.8,1.2,10.0,30.0,64,1.1877300200125984,0.7199170124481328,0.7165385249321687,0.8459673397126463,0.9239226926098015,0.9204937473325902
2024,CNN-BiLSTM,0.1,10,482,0+1+2,3,True,0.8,1.2,10.0,30.0,64,0.988428322606067,0.7800829875518672,0.7689415645289495,0.6918690444120511,0.9350570522433079,0.9328143885131869
2024,CNN-BiLSTM,0.3,1,1456,0+1+2,3,True,0.8,1.2,10.0,30.0,64,2.323346496938349,0.10233516483516483,0.08638902087232855,2.2664611117839737,0.10519165564772887,0.025038042398264345
2024,CNN-BiLSTM,0.3,2,1456,0+1+2,3,True,0.8,1.2,10.0,30.0,64,2.208765202826196,0.20604395604395603,0.20860005794494024,1.9450518743197573,0.5920687901821879,0.5118739408476343
2024,CNN-BiLSTM,0.3,3,1456,0+1+2,3,True,0.8,1.2,10.0,30.0,64,1.6988538608446226,0.4945054945054945,0.4846979838948699,1.2296431409279525,0.6633598075112631,0.5906232756860786
2024,CNN-BiLSTM,0.3,4,1456,0+1+2,3,True,0.8,1.2,10.0,30.0,64,1.003151530092889,0.7685439560439561,0.7587994433010053,0.5608136968897732,0.9376737688542849,0.9367312257151914
2024,CNN-BiLSTM,0.3,5,1456,0+1+2,3,True,0.8,1.2,10.0,30.0,64,0.5938797281993614,0.8763736263736264,0.876319301327322,0.29425511027758194,0.9618060469960775,0.9621775196496655
2024,CNN-BiLSTM,0.3,6,1456,0+1+2,3,True,0.8,1.2,10.0,30.0,64,0.37645219610287595,0.9120879120879121,0.9116382927272364,0.2209744656122371,0.9545035158003771,0.953952650058096
2024,CNN-BiLSTM,0.3,7,1456,0+1+2,3,True,0.8,1.2,10.0,30.0,64,0.26336864062717985,0.9409340659340659,0.9415733583978134,0.16085940134900648,0.9510879610820145,0.9494668298455883
2024,CNN-BiLSTM,0.3,8,1456,0+1+2,3,True,0.8,1.2,10.0,30.0,64,0.24219353005781277,0.9436813186813187,0.9441581444006255,0.14464767461086728,0.9531965384530151,0.9502606765326768
2024,CNN-BiLSTM,0.3,9,1456,0+1+2,3,True,0.8,1.2,10.0,30.0,64,0.20191984549983516,0.9457417582417582,0.9466539125415399,0.08933713279699007,0.9839113248415693,0.9840347988846911
2024,CNN-BiLSTM,0.3,10,1456,0+1+2,3,True,0.8,1.2,10.0,30.0,64,0.16708432940336373,0.9553571428571429,0.9555767878180413,0.08124187998309022,0.9823801644345623,0.982651022420734
2024,CNN-BiLSTM,0.5,1,2429,0+1+2,3,True,0.8,1.2,10.0,30.0,64,2.280676745053131,0.13627006998764923,0.12296405718825812,2.0126658680887632,0.5688175345978231,0.4664908030488437
2024,CNN-BiLSTM,0.5,2,2429,0+1+2,3,True,0.8,1.2,10.0,30.0,64,1.5424849658210664,0.5833676410045286,0.575190994615597,0.816609976055247,0.8763590474713077,0.8517774460046342
2024,CNN-BiLSTM,0.5,3,2429,0+1+2,3,True,0.8,1.2,10.0,30.0,64,0.6259106010407173,0.868670234664471,0.8682389590329151,0.2693979663745363,0.9511389149485742,0.9503368807702456
2024,CNN-BiLSTM,0.5,4,2429,0+1+2,3,True,0.8,1.2,10.0,30.0,64,0.31427043681897565,0.9320708110333471,0.932174736215976,0.1442478937067453,0.971111841603077,0.9711583064765573
2024,CNN-BiLSTM,0.5,5,2429,0+1+2,3,True,0.8,1.2,10.0,30.0,64,0.21848590554843572,0.9473034170440511,0.947884188787817,0.10125813948028022,0.9796249293105387,0.9797245188107185
2024,CNN-BiLSTM,0.5,6,2429,0+1+2,3,True,0.8,1.2,10.0,30.0,64,0.18541079482309805,0.9477151090983944,0.948448922730524,0.15395234851757242,0.9315884999224365,0.9234764229002926
2024,CNN-BiLSTM,0.5,7,2429,0+1+2,3,True,0.8,1.2,10.0,30.0,64,0.15177161489471874,0.9596541786743515,0.9602160438663361,0.09516332840125497,0.9654403348115536,0.9639168281467588
2024,CNN-BiLSTM,0.5,8,2429,0+1+2,3,True,0.8,1.2,10.0,30.0,64,0.11807847834629696,0.9715932482503088,0.9719240861429188,0.10632915993023474,0.959117364614805,0.9567757336008272
2024,CNN-BiLSTM,0.5,9,2429,0+1+2,3,True,0.8,1.2,10.0,30.0,64,0.10758883924445482,0.9666529435981885,0.9671379807474864,0.05194620564330499,0.985417348937955,0.985478558409762
2024,CNN-BiLSTM,0.5,10,2429,0+1+2,3,True,0.8,1.2,10.0,30.0,64,0.08652664388205202,0.9748867846850556,0.9751691115408047,0.03743802465096259,0.9917674991812744,0.991832521252961
2024,CNN-BiLSTM,1.0,1,4866,0+1+2,3,True,0.8,1.2,10.0,30.0,64,1.8460191044844672,0.38861487875051376,0.3917362530023714,0.7884262685525111,0.8387839976295947,0.8091434569616691
2024,CNN-BiLSTM,1.0,2,4866,0+1+2,3,True,0.8,1.2,10.0,30.0,64,0.4981575974780397,0.8851212494862309,0.8851143739337413,0.15159443422823837,0.9810270019378556,0.981153709359312
2024,CNN-BiLSTM,1.0,3,4866,0+1+2,3,True,0.8,1.2,10.0,30.0,64,0.2081729768236821,0.9496506370735717,0.9502010653938502,0.07137838620640687,0.986824190282487,0.9870271646963312
2024,CNN-BiLSTM,1.0,4,4866,0+1+2,3,True,0.8,1.2,10.0,30.0,64,0.13312797713986504,0.9630086313193588,0.9635512207279684,0.07174681208526969,0.976608793645869,0.9765158316740546
2024,CNN-BiLSTM,1.0,5,4866,0+1+2,3,True,0.8,1.2,10.0,30.0,64,0.09469189148655018,0.9753390875462392,0.975659896923591,0.04041614536068643,0.991265491149146,0.9913557526286773
2024,CNN-BiLSTM,1.0,6,4866,0+1+2,3,True,0.8,1.2,10.0,30.0,64,0.08143311626275185,0.9763666255651459,0.9767329453157642,0.8126527955405106,0.7204031946301453,0.6748379054031846
2024,CNN-BiLSTM,1.0,7,4866,0+1+2,3,True,0.8,1.2,10.0,30.0,64,0.26737335688701347,0.9204685573366215,0.921139657137416,0.04770413902867518,0.9859193569700834,0.9858112695480353
2024,CNN-BiLSTM,1.0,8,4866,0+1+2,3,True,0.8,1.2,10.0,30.0,64,0.06881406129423209,0.9786272092067406,0.9789294655255208,0.026389359068396276,0.9922443709027814,0.9922457452533021
2024,CNN-BiLSTM,1.0,9,4866,0+1+2,3,True,0.8,1.2,10.0,30.0,64,0.06821391263126629,0.9780106863953967,0.9783222038511445,0.03511250386436863,0.9893328679524966,0.9893264944161809
2024,CNN-BiLSTM,1.0,10,4866,0+1+2,3,True,0.8,1.2,10.0,30.0,64,0.05160310136414972,0.9858199753390875,0.9860342997395275,0.03290895865026386,0.9893328679524966,0.9892414880796457
2024,CNN-BiLSTM-Attention,0.1,1,482,0+1+2,3,True,0.8,1.2,10.0,30.0,64,2.3104588658977843,0.10580912863070539,0.07318437764055051,2.2670927173325803,0.10185491608781334,0.018486949767532852
2024,CNN-BiLSTM-Attention,0.1,2,482,0+1+2,3,True,0.8,1.2,10.0,30.0,64,2.27612175090679,0.12033195020746888,0.10212172878130774,2.2127392845888925,0.2138681437378371,0.08865771386371853
2024,CNN-BiLSTM-Attention,0.1,3,482,0+1+2,3,True,0.8,1.2,10.0,30.0,64,2.228286618513685,0.16390041493775934,0.15089767692687422,2.1100890859272514,0.49506481269447294,0.42117662540364087
2024,CNN-BiLSTM-Attention,0.1,4,482,0+1+2,3,True,0.8,1.2,10.0,30.0,64,2.1259087556625302,0.3153526970954357,0.3060510445567246,1.9645339363747263,0.6973154871683751,0.6176042351305183
2024,CNN-BiLSTM-Attention,0.1,5,482,0+1+2,3,True,0.8,1.2,10.0,30.0,64,1.9844142747617857,0.3651452282157676,0.3530777006428539,1.7563481880929117,0.7251180524263413,0.6515783071655982
2024,CNN-BiLSTM-Attention,0.1,6,482,0+1+2,3,True,0.8,1.2,10.0,30.0,64,1.7160431453301204,0.5414937759336099,0.518676437477098,1.4382270822667174,0.8180583810820637,0.8031357729913564
2024,CNN-BiLSTM-Attention,0.1,7,482,0+1+2,3,True,0.8,1.2,10.0,30.0,64,1.5159660459059403,0.578838174273859,0.5593986603564411,1.1790283291206574,0.8372019202910149,0.8195209043418776
2024,CNN-BiLSTM-Attention,0.1,8,482,0+1+2,3,True,0.8,1.2,10.0,30.0,64,1.2101687247327748,0.7406639004149378,0.7306985796650574,0.9439268273956701,0.78387984802484,0.7634268215372143
2024,CNN-BiLSTM-Attention,0.1,9,482,0+1+2,3,True,0.8,1.2,10.0,30.0,64,0.9987498915047072,0.7904564315352697,0.7775705477681358,0.698312087144579,0.9323255909392731,0.9279345387512596
2024,CNN-BiLSTM-Attention,0.1,10,482,0+1+2,3,True,0.8,1.2,10.0,30.0,64,0.8039245209753266,0.8464730290456431,0.8426149894750778,0.5212981477069121,0.9314628183693285,0.9266192632282494
2024,CNN-BiLSTM-Attention,0.3,1,1456,0+1+2,3,True,0.8,1.2,10.0,30.0,64,2.2791062658959693,0.1346153846153846,0.12089637652277115,2.156504743265229,0.28505578414208643,0.17478174625356946
2024,CNN-BiLSTM-Attention,0.3,2,1456,0+1+2,3,True,0.8,1.2,10.0,30.0,64,1.9749387555069975,0.3626373626373626,0.34393388159789173,1.5436426570177055,0.701155560316065,0.6551451734590829
2024,CNN-BiLSTM-Attention,0.3,3,1456,0+1+2,3,True,0.8,1.2,10.0,30.0,64,1.2695184369663617,0.7108516483516484,0.6930772520223076,0.7692498190336644,0.909652470499205,0.8996976953380731
2024,CNN-BiLSTM-Attention,0.3,4,1456,0+1+2,3,True,0.8,1.2,10.0,30.0,64,0.7046866940928029,0.882554945054945,0.88116739428867,0.35538522272362066,0.9518630253694114,0.9503090956892885
2024,CNN-BiLSTM-Attention,0.3,5,1456,0+1+2,3,True,0.8,1.2,10.0,30.0,64,0.39874239577041876,0.9375,0.9375240575933186,0.22472790922504027,0.9432066504316879,0.9397775688237523
2024,CNN-BiLSTM-Attention,0.3,6,1456,0+1+2,3,True,0.8,1.2,10.0,30.0,64,0.2688309745146678,0.9546703296703297,0.9548950446852478,0.14993150390015625,0.969630953817313,0.9695293095241947
2024,CNN-BiLSTM-Attention,0.3,7,1456,0+1+2,3,True,0.8,1.2,10.0,30.0,64,0.21669291532956636,0.9491758241758241,0.9499508490053991,0.10178315764753622,0.9838617334656427,0.9840284626163859
2024,CNN-BiLSTM-Attention,0.3,8,1456,0+1+2,3,True,0.8,1.2,10.0,30.0,64,0.18971116136718583,0.9526098901098901,0.9531336967574946,0.13494415506785004,0.9502612616827415,0.947751068480485
2024,CNN-BiLSTM-Attention,0.3,9,1456,0+1+2,3,True,0.8,1.2,10.0,30.0,64,0.1985247436460558,0.945054945054945,0.9452205124689034,0.10061821758401347,0.9668227210907805,0.9663672886760368
2024,CNN-BiLSTM-Attention,0.3,10,1456,0+1+2,3,True,0.8,1.2,10.0,30.0,64,0.1409104647380965,0.9615384615384616,0.961970986012247,0.07753327787619647,0.9766352924471234,0.9765140581737439
2024,CNN-BiLSTM-Attention,0.5,1,2429,0+1+2,3,True,0.8,1.2,10.0,30.0,64,2.2375591625741302,0.1873198847262248,0.18187885638502393,1.940061688617589,0.6165325721442894,0.5137782952549462
2024,CNN-BiLSTM-Attention,0.5,2,2429,0+1+2,3,True,0.8,1.2,10.0,30.0,64,1.43685971905342,0.6521202140798683,0.6411481606624247,0.6878524582514675,0.9154067732200004,0.9074604479258707
2024,CNN-BiLSTM-Attention,0.5,3,2429,0+1+2,3,True,0.8,1.2,10.0,30.0,64,0.5345741942028001,0.9098394400988061,0.909440884596037,0.2477047310484216,0.9477009489008559,0.9462806637989014
2024,CNN-BiLSTM-Attention,0.5,4,2429,0+1+2,3,True,0.8,1.2,10.0,30.0,64,0.26291807126537575,0.9505969534787979,0.9513868615555442,0.16228924198587225,0.9436842033985112,0.9403315223870156
2024,CNN-BiLSTM-Attention,0.5,5,2429,0+1+2,3,True,0.8,1.2,10.0,30.0,64,0.1750502303923634,0.9666529435981885,0.9670718135662352,0.07994942505382467,0.9847645230420969,0.9850326690055434
2024,CNN-BiLSTM-Attention,0.5,6,2429,0+1+2,3,True,0.8,1.2,10.0,30.0,64,0.1457087530759491,0.9670646356525319,0.9674863648705395,0.09812236692879862,0.9639370356964339,0.9630945578971719
2024,CNN-BiLSTM-Attention,0.5,7,2429,0+1+2,3,True,0.8,1.2,10.0,30.0,64,0.1048237023305358,0.9744750926307122,0.9748056456487543,0.06833413340775928,0.9790182885640251,0.9790483882923594
2024,CNN-BiLSTM-Attention,0.5,8,2429,0+1+2,3,True,0.8,1.2,10.0,30.0,64,0.11620832091682778,0.9658295594895019,0.966121861770709,0.054375760713170795,0.985693130174489,0.986035822191977
2024,CNN-BiLSTM-Attention,0.5,9,2429,0+1+2,3,True,0.8,1.2,10.0,30.0,64,0.0835689015934967,0.9794153972828324,0.9797919277773712,0.10733738454467338,0.9542046419891707,0.9529428896407831
2024,CNN-BiLSTM-Attention,0.5,10,2429,0+1+2,3,True,0.8,1.2,10.0,30.0,64,0.08118039543194848,0.9765335529024289,0.9768675904876414,0.061671112824828934,0.9791718314090204,0.979103814374315
2024,CNN-BiLSTM-Attention,1.0,1,4866,0+1+2,3,True,0.8,1.2,10.0,30.0,64,1.7242232705162133,0.4515002055076038,0.44963873376946023,0.5798220930652273,0.9345712873977003,0.9333839506114844
2024,CNN-BiLSTM-Attention,1.0,2,4866,0+1+2,3,True,0.8,1.2,10.0,30.0,64,0.39699069243513946,0.9270448006576243,0.9268706708086725,0.10787627557378603,0.986295683449104,0.986531718018416
2024,CNN-BiLSTM-Attention,1.0,3,4866,0+1+2,3,True,0.8,1.2,10.0,30.0,64,0.175365533864993,0.957665433621044,0.9582068207632949,0.11123035259453622,0.9671732300138629,0.9670147095984124
2024,CNN-BiLSTM-Attention,1.0,4,4866,0+1+2,3,True,0.8,1.2,10.0,30.0,64,0.1204610560705638,0.9687628442252363,0.9692216016462677,0.07440639293909265,0.9726708633019715,0.9726977896394207
2024,CNN-BiLSTM-Attention,1.0,5,4866,0+1+2,3,True,0.8,1.2,10.0,30.0,64,0.08779855549911192,0.9755445951500206,0.9759038665088051,0.0376300833706015,0.9897343307421389,0.9899561010984833
2024,CNN-BiLSTM-Attention,1.0,6,4866,0+1+2,3,True,0.8,1.2,10.0,30.0,64,0.09571561952892108,0.9722564734895192,0.9727175073135811,0.06994666095298958,0.9762093745921762,0.976035923914881
2024,CNN-BiLSTM-Attention,1.0,7,4866,0+1+2,3,True,0.8,1.2,10.0,30.0,64,0.05344692553193345,0.9854089601315249,0.985640808910658,0.06360769478792677,0.9752373072917052,0.975026375042026
2024,CNN-BiLSTM-Attention,1.0,8,4866,0+1+2,3,True,0.8,1.2,10.0,30.0,64,0.06842947473260125,0.9821208384710234,0.9823994316818017,0.029833867381729894,0.989784603363382,0.9898370603307832
2024,CNN-BiLSTM-Attention,1.0,9,4866,0+1+2,3,True,0.8,1.2,10.0,30.0,64,0.052045472048948785,0.9854089601315249,0.9856571261816123,0.11354619567340869,0.9625879606716259,0.9621335754192892
2024,CNN-BiLSTM-Attention,1.0,10,4866,0+1+2,3,True,0.8,1.2,10.0,30.0,64,0.07420292879009609,0.9769831483764899,0.9772962140678677,0.07754963155578776,0.9743039314420979,0.9740026942575163
3407,CNN1D,0.1,1,482,0+1+2,3,True,0.8,1.2,10.0,30.0,64,2.2032463926497337,0.2821576763485477,0.24530446942344986,2.2750387581606546,0.25846309415056506,0.12841231320844668
3407,CNN1D,0.1,2,482,0+1+2,3,True,0.8,1.2,10.0,30.0,64,1.89422770753441,0.6037344398340249,0.5471928449065857,2.146843120783869,0.3031314795252951,0.18765974109969752
3407,CNN1D,0.1,3,482,0+1+2,3,True,0.8,1.2,10.0,30.0,64,1.6665819616238606,0.7510373443983402,0.7082049511705785,1.8739962261162983,0.42850109614833753,0.35430467503874413
3407,CNN1D,0.1,4,482,0+1+2,3,True,0.8,1.2,10.0,30.0,64,1.4745869725571628,0.7821576763485477,0.7414555572501802,1.548688353055833,0.6625478821068045,0.6091188589644715
3407,CNN1D,0.1,5,482,0+1+2,3,True,0.8,1.2,10.0,30.0,64,1.291250767054894,0.8443983402489627,0.8228161774718229,1.2625490457328945,0.7611142505850091,0.7245603444643717
3407,CNN1D,0.1,6,482,0+1+2,3,True,0.8,1.2,10.0,30.0,64,1.1597339612319757,0.8568464730290456,0.8403970548022954,1.0598933054153046,0.8607620180291983,0.8373218840273443
3407,CNN1D,0.1,7,482,0+1+2,3,True,0.8,1.2,10.0,30.0,64,1.0318978112268251,0.8796680497925311,0.8726553948311393,0.8980635069842514,0.8724528524890487,0.8485870244275856
3407,CNN1D,0.1,8,482,0+1+2,3,True,0.8,1.2,10.0,30.0,64,0.9305873354935548,0.8900414937759336,0.8830500722786683,0.7836693427575859,0.8990565162756073,0.8790784762514742
3407,CNN1D,0.1,9,482,0+1+2,3,True,0.8,1.2,10.0,30.0,64,0.8517561854168587,0.9066390041493776,0.9042552440158133,0.6818886912490116,0.9172510438237725,0.8973483132431571
3407,CNN1D,0.1,10,482,0+1+2,3,True,0.8,1.2,10.0,30.0,64,0.7574572733823689,0.9253112033195021,0.9239866708503375,0.6251487552394702,0.9137111700429349,0.8944909519701225
3407,CNN1D,0.3,1,1456,0+1+2,3,True,0.8,1.2,10.0,30.0,64,1.930902246590499,0.5398351648351648,0.524650203916527,1.904765899393314,0.4013656260028875,0.3141235569439957
3407,CNN1D,0.3,2,1456,0+1+2,3,True,0.8,1.2,10.0,30.0,64,1.3300207329320384,0.8008241758241759,0.7682549593700221,1.0931934417797484,0.8198353479316819,0.785645235334648
3407,CNN1D,0.3,3,1456,0+1+2,3,True,0.8,1.2,10.0,30.0,64,0.9727300582351265,0.8935439560439561,0.8889984110233637,0.7204911113349803,0.8964697046924669,0.8843721125233227
3407,CNN1D,0.3,4,1456,0+1+2,3,True,0.8,1.2,10.0,30.0,64,0.7263835151116926,0.9306318681318682,0.9295253156810961,0.5408497164270529,0.9265086095454781,0.9057283796042537
3407,CNN1D,0.3,5,1456,0+1+2,3,True,0.8,1.2,10.0,30.0,64,0.5496236878437001,0.9505494505494505,0.9503976320187503,0.40383103171022444,0.931955288967027,0.9142470091583416
3407,CNN1D,0.3,6,1456,0+1+2,3,True,0.8,1.2,10.0,30.0,64,0.441409143445256,0.9471153846153846,0.9473273247163563,0.32121287703121154,0.935845671670947,0.921752686513079
3407,CNN1D,0.3,7,1456,0+1+2,3,True,0.8,1.2,10.0,30.0,64,0.34892520701492225,0.9690934065934066,0.9695448903518425,0.24137471588109496,0.951558020350357,0.9463282693280921
3407,CNN1D,0.3,8,1456,0+1+2,3,True,0.8,1.2,10.0,30.0,64,0.29202804395130705,0.967032967032967,0.9674782989982406,0.20467166781321222,0.953515779857628,0.949168295850045
3407,CNN1D,0.3,9,1456,0+1+2,3,True,0.8,1.2,10.0,30.0,64,0.2454142662195059,0.9752747252747253,0.9756364639521851,0.18306120834896875,0.9580087158361629,0.9548706731396935
3407,CNN1D,0.3,10,1456,0+1+2,3,True,0.8,1.2,10.0,30.0,64,0.21926365809126214,0.970467032967033,0.9709886093521305,0.17783890833880367,0.9383557118315896,0.9252630803412742
3407,CNN1D,0.5,1,2429,0+1+2,3,True,0.8,1.2,10.0,30.0,64,1.7364492277492463,0.5722519555372582,0.5468185062402171,1.3326032929412148,0.7776302430240069,0.7282311728559718
3407,CNN1D,0.5,2,2429,0+1+2,3,True,0.8,1.2,10.0,30.0,64,0.9928484360295198,0.8859613009468917,0.8760443480658842,0.6787464603900427,0.9112772200594735,0.8907287148868465
3407,CNN1D,0.5,3,2429,0+1+2,3,True,0.8,1.2,10.0,30.0,64,0.6174722860359075,0.9398929600658708,0.9394081478865065,0.3842240412265874,0.9560760926395138,0.9523047160197765
3407,CNN1D,0.5,4,2429,0+1+2,3,True,0.8,1.2,10.0,30.0,64,0.4088690414773235,0.961300946891725,0.9618688784834925,0.24797649607094496,0.950679685839208,0.9447566537110562
3407,CNN1D,0.5,5,2429,0+1+2,3,True,0.8,1.2,10.0,30.0,64,0.2945964968513687,0.9666529435981885,0.9668142638931316,0.21721262949103717,0.9358959442921903,0.9213033057050181
3407,CNN1D,0.5,6,2429,0+1+2,3,True,0.8,1.2,10.0,30.0,64,0.2335808051618935,0.968299711815562,0.968944101139081,0.1564794192617978,0.9659151627971112,0.9642620125430338
3407,CNN1D,0.5,7,2429,0+1+2,3,True,0.8,1.2,10.0,30.0,64,0.18590807921482044,0.9773569370111157,0.9777957228947282,0.15017391036890307,0.9448818162492603,0.9357883491680044
3407,CNN1D,0.5,8,2429,0+1+2,3,True,0.8,1.2,10.0,30.0,64,0.1515041863037363,0.9818855496088925,0.9822301319939782,0.11241413991538307,0.9791677439371219,0.9788332833527392
3407,CNN1D,0.5,9,2429,0+1+2,3,True,0.8,1.2,10.0,30.0,64,0.12409365164885161,0.9876492383696994,0.9878789645341899,0.07116440541786814,0.9927966515561532,0.9928065826254423
3407,CNN1D,0.5,10,2429,0+1+2,3,True,0.8,1.2,10.0,30.0,64,0.10968609388262807,0.9888843145327295,0.9890882849603596,0.09862435078603189,0.9744492993432959,0.972804293513336
3407,CNN1D,1.0,1,4866,0+1+2,3,True,0.8,1.2,10.0,30.0,64,1.3759327397834504,0.7550349362926428,0.7560766081862733,0.6548634854225707,0.914212496829747,0.8939592904398473
3407,CNN1D,1.0,2,4866,0+1+2,3,True,0.8,1.2,10.0,30.0,64,0.5292202437605037,0.9512946979038225,0.9511204816850848,0.2719814587231901,0.9397863269961103,0.9281896121138279
3407,CNN1D,1.0,3,4866,0+1+2,3,True,0.8,1.2,10.0,30.0,64,0.2854637016105495,0.967940813810111,0.968271854499658,0.16222377938838292,0.9883791245094828,0.9884639650494252
3407,CNN1D,1.0,4,4866,0+1+2,3,True,0.8,1.2,10.0,30.0,64,0.1935710618391088,0.9757501027538019,0.9762185557557623,0.1033710864541359,0.980573222791021,0.9804945926099831
3407,CNN1D,1.0,5,4866,0+1+2,3,True,0.8,1.2,10.0,30.0,64,0.142174370240832,0.9821208384710234,0.9824822355438128,0.07775888103036001,0.985066158769556,0.9848588790694904
3407,CNN1D,1.0,6,4866,0+1+2,3,True,0.8,1.2,10.0,30.0,64,0.10701110012189283,0.988491574188245,0.9887132402121394,0.044943305313263716,0.9956830181958162,0.9957017814051335
3407,CNN1D,1.0,7,4866,0+1+2,3,True,0.8,1.2,10.0,30.0,64,0.07685407147307578,0.9942457870941225,0.9943494511356338,0.06677085455524888,0.9797954335223583,0.9789056334249763
3407,CNN1D,1.0,8,4866,0+1+2,3,True,0.8,1.2,10.0,30.0,64,0.06505973318012173,0.9952733251130291,0.9953591379440418,0.02464283596114393,0.9975905050818438,0.9976174671443488
3407,CNN1D,1.0,9,4866,0+1+2,3,True,0.8,1.2,10.0,30.0,64,0.053641018507855937,0.9958898479243732,0.9959613627880035,0.021361295225809856,0.9994979919678716,0.9995237852271375
3407,CNN1D,1.0,10,4866,0+1+2,3,True,0.8,1.2,10.0,30.0,64,0.04807633742157246,0.9977394163584052,0.9977795838963652,0.22525250938492283,0.9040156374527335,0.8811161037430941
3407,CNN-BiLSTM,0.1,1,482,0+1+2,3,True,0.8,1.2,10.0,30.0,64,2.3298570100697242,0.1078838174273859,0.09945507662557909,2.279139976079975,0.18120786025770771,0.11038521362613514
3407,CNN-BiLSTM,0.1,2,482,0+1+2,3,True,0.8,1.2,10.0,30.0,64,2.2825015283719137,0.13692946058091288,0.12283875604643787,2.235645426330139,0.25546262712817347,0.20392484874945094
3407,CNN-BiLSTM,0.1,3,482,0+1+2,3,True,0.8,1.2,10.0,30.0,64,2.245072757554747,0.15352697095435686,0.13039669830975015,2.1684978772604073,0.388393631751613,0.2796743244565871
3407,CNN-BiLSTM,0.1,4,482,0+1+2,3,True,0.8,1.2,10.0,30.0,64,2.171650062458149,0.23029045643153526,0.22132321100041857,2.0389904491849404,0.5045668921342431,0.4287614297014903
3407,CNN-BiLSTM,0.1,5,482,0+1+2,3,True,0.8,1.2,10.0,30.0,64,2.0240033553349033,0.33402489626556015,0.3174044787006439,1.84321248681675,0.6173871328354498,0.5561783528350733
3407,CNN-BiLSTM,0.1,6,482,0+1+2,3,True,0.8,1.2,10.0,30.0,64,1.810195680970473,0.45020746887966806,0.4262939001081011,1.5745671870390694,0.7527175203983726,0.7166473203325626
3407,CNN-BiLSTM,0.1,7,482,0+1+2,3,True,0.8,1.2,10.0,30.0,64,1.5872942085582686,0.5352697095435685,0.5082673896934001,1.2972969470735558,0.7694935884966393,0.7110408506722248
3407,CNN-BiLSTM,0.1,8,482,0+1+2,3,True,0.8,1.2,10.0,30.0,64,1.3366079567873625,0.6390041493775933,0.6069094576303576,1.127770454074182,0.7904012904263693,0.7609299698426774
3407,CNN-BiLSTM,0.1,9,482,0+1+2,3,True,0.8,1.2,10.0,30.0,64,1.1578221358204284,0.7136929460580913,0.6973060868595359,0.8403667508746361,0.8779485118072946,0.8678962031890469
3407,CNN-BiLSTM,0.1,10,482,0+1+2,3,True,0.8,1.2,10.0,30.0,64,0.9577557763618058,0.7800829875518672,0.7742286434870014,0.6610302366754116,0.9474285738909037,0.9468339769349422
3407,CNN-BiLSTM,0.3,1,1456,0+1+2,3,True,0.8,1.2,10.0,30.0,64,2.273015176856911,0.15865384615384615,0.1451236029674913,2.1440019753075092,0.28714463823000974,0.22664027470009265
3407,CNN-BiLSTM,0.3,2,1456,0+1+2,3,True,0.8,1.2,10.0,30.0,64,1.9718187759210775,0.37225274725274726,0.3492243355658939,1.5177887189664105,0.6320681048329841,0.5928742788953191
3407,CNN-BiLSTM,0.3,3,1456,0+1+2,3,True,0.8,1.2,10.0,30.0,64,1.288785682929741,0.6401098901098901,0.6330987792948404,0.796335196327899,0.9433384631926439,0.943345408396946
3407,CNN-BiLSTM,0.3,4,1456,0+1+2,3,True,0.8,1.2,10.0,30.0,64,0.785277709201142,0.7987637362637363,0.7967222061579987,0.41434508937339015,0.9312373097540375,0.9237026858674856
3407,CNN-BiLSTM,0.3,5,1456,0+1+2,3,True,0.8,1.2,10.0,30.0,64,0.4754687177610921,0.8976648351648352,0.8981547073767627,0.3041501817618481,0.91709011398137,0.9030817411680921
3407,CNN-BiLSTM,0.3,6,1456,0+1+2,3,True,0.8,1.2,10.0,30.0,64,0.3295198678970337,0.9333791208791209,0.9335532932807681,0.19300888183510598,0.9560557250461071,0.9544345214859041
3407,CNN-BiLSTM,0.3,7,1456,0+1+2,3,True,0.8,1.2,10.0,30.0,64,0.23481370525045708,0.9505494505494505,0.9506402793139319,0.12057559770392669,0.9781406352981925,0.9781515601655663
3407,CNN-BiLSTM,0.3,8,1456,0+1+2,3,True,0.8,1.2,10.0,30.0,64,0.20154373953630636,0.9574175824175825,0.9579697103985702,0.094457426250191,0.983538404589131,0.98356332442346
3407,CNN-BiLSTM,0.3,9,1456,0+1+2,3,True,0.8,1.2,10.0,30.0,64,0.15751751766100033,0.9677197802197802,0.9680556346181334,0.0692293406094832,0.9844146953643307,0.9845176143933146
3407,CNN-BiLSTM,0.3,10,1456,0+1+2,3,True,0.8,1.2,10.0,30.0,64,0.17527020305067628,0.9539835164835165,0.9544379590915586,0.16566333528529573,0.9263979523243187,0.9165293010666754
3407,CNN-BiLSTM,0.5,1,2429,0+1+2,3,True,0.8,1.2,10.0,30.0,64,2.155867018882214,0.2243721696171264,0.22867611181019357,1.6934033346494728,0.551828757909217,0.49643092519664483
3407,CNN-BiLSTM,0.5,2,2429,0+1+2,3,True,0.8,1.2,10.0,30.0,64,1.2392433588521479,0.676410045286126,0.673795744548704,0.6065558024429066,0.8934006781263619,0.8784566065078933
3407,CNN-BiLSTM,0.5,3,2429,0+1+2,3,True,0.8,1.2,10.0,30.0,64,0.5335162261990963,0.8962536023054755,0.8957222289599487,0.2473372223952974,0.9409717471972501,0.9354479549975521
3407,CNN-BiLSTM,0.5,4,2429,0+1+2,3,True,0.8,1.2,10.0,30.0,64,0.2896066627025408,0.9427748044462742,0.9429138735315521,0.12490394574857618,0.9747250805798301,0.9740970262376675
3407,CNN-BiLSTM,0.5,5,2429,0+1+2,3,True,0.8,1.2,10.0,30.0,64,0.20938764306413338,0.9514203375874846,0.9517944353240788,0.11177292459072152,0.9716410296817765,0.9720304039118982
3407,CNN-BiLSTM,0.5,6,2429,0+1+2,3,True,0.8,1.2,10.0,30.0,64,0.19698920083443489,0.9394812680115274,0.9400524186751194,0.17579084985819296,0.9253932550147453,0.9142160820407902
3407,CNN-BiLSTM,0.5,7,2429,0+1+2,3,True,0.8,1.2,10.0,30.0,64,0.17291884027964394,0.9464800329353643,0.9471599709832088,0.11489819550191731,0.955326845908055,0.9509650188060919
3407,CNN-BiLSTM,0.5,8,2429,0+1+2,3,True,0.8,1.2,10.0,30.0,64,0.1120773003382563,0.9699464800329354,0.9702168213901216,0.049098797331769244,0.9884293971307261,0.9883986185202644
3407,CNN-BiLSTM,0.5,9,2429,0+1+2,3,True,0.8,1.2,10.0,30.0,64,0.08800981165561327,0.9773569370111157,0.9775688967647664,0.09739033469337005,0.964688363098829,0.9618623540600932
3407,CNN-BiLSTM,0.5,10,2429,0+1+2,3,True,0.8,1.2,10.0,30.0,64,0.09066972762849312,0.9720049403046521,0.9723795852645962,0.08586395940156749,0.9661692508845929,0.9635474166931446
3407,CNN-BiLSTM,1.0,1,4866,0+1+2,3,True,0.8,1.2,10.0,30.0,64,1.737174767797198,0.43834771886559803,0.4459542827097575,0.7436591281944759,0.852215869404452,0.8354212912579092
3407,CNN-BiLSTM,1.0,2,4866,0+1+2,3,True,0.8,1.2,10.0,30.0,64,0.4850299636669919,0.8814221126181668,0.8823376051403573,0.25915315210127926,0.9249191082745041,0.9168103335084755
3407,CNN-BiLSTM,1.0,3,4866,0+1+2,3,True,0.8,1.2,10.0,30.0,64,0.24426242354545288,0.9375256884504727,0.9379002472207315,0.09963680303876128,0.9708625591677973,0.97016037131182
3407,CNN-BiLSTM,1.0,4,4866,0+1+2,3,True,0.8,1.2,10.0,30.0,64,0.14927597840627035,0.9560213727907932,0.9565269827267135,0.05475850291410172,0.9884042608201046,0.9882404762409162
3407,CNN-BiLSTM,1.0,5,4866,0+1+2,3,True,0.8,1.2,10.0,30.0,64,0.1125451554266749,0.9702013974517057,0.9706064849665383,0.08821108629897972,0.9647399982107051,0.9617117632594727
3407,CNN-BiLSTM,1.0,6,4866,0+1+2,3,True,0.8,1.2,10.0,30.0,64,0.09566797337510485,0.9732840115084258,0.9735413220244075,0.12357063849883797,0.9761156418028542,0.976626928622267
3407,CNN-BiLSTM,1.0,7,4866,0+1+2,3,True,0.8,1.2,10.0,30.0,64,0.19926193302827996,0.9356761200164406,0.9369160095252542,0.046980456142150184,0.9836124510303629,0.9833550113050865
3407,CNN-BiLSTM,1.0,8,4866,0+1+2,3,True,0.8,1.2,10.0,30.0,64,0.06362254451233028,0.9823263460748047,0.9824911636369382,0.04599949158580394,0.9850423849495673,0.9849288556183952
3407,CNN-BiLSTM,1.0,9,4866,0+1+2,3,True,0.8,1.2,10.0,30.0,64,0.056985312787240984,0.9847924373201808,0.9850054220696315,0.06910476549193345,0.9725200823732288,0.9709818983288235
3407,CNN-BiLSTM,1.0,10,4866,0+1+2,3,True,0.8,1.2,10.0,30.0,64,0.06533408779735139,0.980682285244554,0.9809170961394565,0.02084642454332246,0.9912410360838408,0.9913299223441671
3407,CNN-BiLSTM-Attention,0.1,1,482,0+1+2,3,True,0.8,1.2,10.0,30.0,64,2.332982932878233,0.11618257261410789,0.07800061861614901,2.2867617095137702,0.14693763814711122,0.05379098359983068
3407,CNN-BiLSTM-Attention,0.1,2,482,0+1+2,3,True,0.8,1.2,10.0,30.0,64,2.2908200881293204,0.11825726141078838,0.10228041827521153,2.257309328699344,0.22401892466657966,0.1258772530246905
3407,CNN-BiLSTM-Attention,0.1,3,482,0+1+2,3,True,0.8,1.2,10.0,30.0,64,2.268990393990798,0.13278008298755187,0.12223414154150272,2.195808832511845,0.28405381181377876,0.21847642803051323
3407,CNN-BiLSTM-Attention,0.1,4,482,0+1+2,3,True,0.8,1.2,10.0,30.0,64,2.2101127804562264,0.22821576763485477,0.2217379239394393,2.0967353612348973,0.43883668744054494,0.32463951281325737
3407,CNN-BiLSTM-Attention,0.1,5,482,0+1+2,3,True,0.8,1.2,10.0,30.0,64,2.0867606683390765,0.33195020746887965,0.33299722209759197,1.9011731465680406,0.6373621401608888,0.5779475849942552
3407,CNN-BiLSTM-Attention,0.1,6,482,0+1+2,3,True,0.8,1.2,10.0,30.0,64,1.9106166303405128,0.44398340248962653,0.4250006362811109,1.6875096035307724,0.5994059951229401,0.4850585773759844
3407,CNN-BiLSTM-Attention,0.1,7,482,0+1+2,3,True,0.8,1.2,10.0,30.0,64,1.6530087602583698,0.5228215767634855,0.49980048612350475,1.3462822005675161,0.7139279004429735,0.6343188937688985
3407,CNN-BiLSTM-Attention,0.1,8,482,0+1+2,3,True,0.8,1.2,10.0,30.0,64,1.3920514529176768,0.6058091286307054,0.5587361782871467,1.1213620911116262,0.746521631180352,0.6788396073240116
3407,CNN-BiLSTM-Attention,0.1,9,482,0+1+2,3,True,0.8,1.2,10.0,30.0,64,1.2136706192958404,0.6639004149377593,0.6438347349291692,0.9460353456655132,0.7784978581811407,0.7304685757596409
3407,CNN-BiLSTM-Attention,0.1,10,482,0+1+2,3,True,0.8,1.2,10.0,30.0,64,0.9704705546011074,0.7489626556016598,0.7423999793830398,0.7573586210745877,0.8331648441302507,0.8110682209206538
3407,CNN-BiLSTM-Attention,0.3,1,1456,0+1+2,3,True,0.8,1.2,10.0,30.0,64,2.2984076201260746,0.11881868131868131,0.11398452962893837,2.2172614189693785,0.3551586562887561,0.2748667622470119
3407,CNN-BiLSTM-Attention,0.3,2,1456,0+1+2,3,True,0.8,1.2,10.0,30.0,64,2.1064652610611128,0.27953296703296704,0.2726781478515645,1.7248224040655409,0.6015769638948191,0.5557316055748908
3407,CNN-BiLSTM-Attention,0.3,3,1456,0+1+2,3,True,0.8,1.2,10.0,30.0,64,1.481139260333973,0.5982142857142857,0.5766883583243521,0.9680889967105238,0.7775712209147237,0.7333685946847067
3407,CNN-BiLSTM-Attention,0.3,4,1456,0+1+2,3,True,0.8,1.2,10.0,30.0,64,0.8498568528301114,0.8001373626373627,0.7899559529202864,0.46610625948248624,0.9202319311991477,0.9149454177564293
3407,CNN-BiLSTM-Attention,0.3,5,1456,0+1+2,3,True,0.8,1.2,10.0,30.0,64,0.5039432124122158,0.885989010989011,0.8860158676457651,0.2834585187956958,0.9236155371537244,0.9140526426531181
3407,CNN-BiLSTM-Attention,0.3,6,1456,0+1+2,3,True,0.8,1.2,10.0,30.0,64,0.3818116682571369,0.8976648351648352,0.897787990985371,0.19430233573436376,0.949404657255632,0.9452207861354159
3407,CNN-BiLSTM-Attention,0.3,7,1456,0+1+2,3,True,0.8,1.2,10.0,30.0,64,0.2690873873102796,0.9361263736263736,0.936745256186286,0.13655322685724333,0.96890411841521,0.967709825704306
3407,CNN-BiLSTM-Attention,0.3,8,1456,0+1+2,3,True,0.8,1.2,10.0,30.0,64,0.2077561331974281,0.9464285714285714,0.9468782234460784,0.1210166236671194,0.9626558759050098,0.9603230651866549
3407,CNN-BiLSTM-Attention,0.3,9,1456,0+1+2,3,True,0.8,1.2,10.0,30.0,64,0.18076859512826898,0.9539835164835165,0.9543589579439284,0.10419383532542885,0.9660428880861684,0.964128958738606
3407,CNN-BiLSTM-Attention,0.3,10,1456,0+1+2,3,True,0.8,1.2,10.0,30.0,64,0.18022341133801492,0.9471153846153846,0.9476628443377025,0.09482348095503838,0.9782900537363023,0.9787519235214942
3407,CNN-BiLSTM-Attention,0.5,1,2429,0+1+2,3,True,0.8,1.2,10.0,30.0,64,2.243565919125409,0.16508851379168382,0.16117373921984007,1.9463562480342702,0.5252470047777459,0.48677689265240653
3407,CNN-BiLSTM-Attention,0.5,2,2429,0+1+2,3,True,0.8,1.2,10.0,30.0,64,1.5216765888142654,0.5668999588307946,0.548946873161368,0.8073698476035179,0.8697038922089338,0.859062791383911
3407,CNN-BiLSTM-Attention,0.5,3,2429,0+1+2,3,True,0.8,1.2,10.0,30.0,64,0.6487371360951365,0.8550843968711404,0.8521368351935843,0.3080398503294575,0.9554070235571347,0.9543165976148248
3407,CNN-BiLSTM-Attention,0.5,4,2429,0+1+2,3,True,0.8,1.2,10.0,30.0,64,0.30415776747705614,0.9382461918484973,0.9386466850739332,0.15106622346138462,0.9716138496352054,0.9718615802207037
3407,CNN-BiLSTM-Attention,0.5,5,2429,0+1+2,3,True,0.8,1.2,10.0,30.0,64,0.2069357198978609,0.9518320296418279,0.952295150702331,0.11450583240339136,0.963558665481464,0.9617386306796697
3407,CNN-BiLSTM-Attention,0.5,6,2429,0+1+2,3,True,0.8,1.2,10.0,30.0,64,0.14195859815025094,0.9699464800329354,0.9703694329227895,0.07164980431140172,0.9863208197597256,0.986560328581465
3407,CNN-BiLSTM-Attention,0.5,7,2429,0+1+2,3,True,0.8,1.2,10.0,30.0,64,0.13045595605930904,0.9650061753808151,0.965430837144789,0.06962973647471973,0.9821057456886612,0.9818377990396273
3407,CNN-BiLSTM-Attention,0.5,8,2429,0+1+2,3,True,0.8,1.2,10.0,30.0,64,0.1183164361918007,0.9674763277068753,0.9680276909065467,0.05916392121887538,0.9873751084452258,0.9873561776618839
3407,CNN-BiLSTM-Attention,0.5,9,2429,0+1+2,3,True,0.8,1.2,10.0,30.0,64,0.08951066256170657,0.9781803211198024,0.9785085817565269,0.07522722255278298,0.977764308819172,0.9769671019207099
3407,CNN-BiLSTM-Attention,0.5,10,2429,0+1+2,3,True,0.8,1.2,10.0,30.0,64,0.11128324904882059,0.962536023054755,0.9631765162151027,0.03394934394670243,0.9917674991812744,0.991749172275631
3407,CNN-BiLSTM-Attention,1.0,1,4866,0+1+2,3,True,0.8,1.2,10.0,30.0,64,1.8501765312258716,0.38429921907110565,0.3906952522700197,0.7750557212047866,0.8025771017854373,0.7653387073625989
3407,CNN-BiLSTM-Attention,1.0,2,4866,0+1+2,3,True,0.8,1.2,10.0,30.0,64,0.4751045621818248,0.8939580764488286,0.893719273599906,0.27609184233768547,0.8953965545402539,0.8794743379747141
3407,CNN-BiLSTM-Attention,1.0,3,4866,0+1+2,3,True,0.8,1.2,10.0,30.0,64,0.2081196112638631,0.9475955610357584,0.9480882344803906,0.10185532428545095,0.9686310252249545,0.9691116049417295
3407,CNN-BiLSTM-Attention,1.0,4,4866,0+1+2,3,True,0.8,1.2,10.0,30.0,64,0.1372939303449971,0.9603370324702014,0.9608773897293611,0.08884521221044293,0.9651659160656524,0.9624216702118785
3407,CNN-BiLSTM-Attention,1.0,5,4866,0+1+2,3,True,0.8,1.2,10.0,30.0,64,0.09280568227383197,0.9743115495273326,0.974646470676873,0.06028273769017064,0.9802227138679386,0.9795574084849964
3407,CNN-BiLSTM-Attention,1.0,6,4866,0+1+2,3,True,0.8,1.2,10.0,30.0,64,0.08502995190786736,0.9757501027538019,0.9760526749652009,0.03500655753789526,0.9897350119874552,0.9899558247572783
3407,CNN-BiLSTM-Attention,1.0,7,4866,0+1+2,3,True,0.8,1.2,10.0,30.0,64,0.06252910312095966,0.9812988080558981,0.9816069244063623,0.043275515618686276,0.987425381066469,0.9873418036422469
3407,CNN-BiLSTM-Attention,1.0,8,4866,0+1+2,3,True,0.8,1.2,10.0,30.0,64,0.051937353496002994,0.9866420057542129,0.9868567333828638,0.03428804507191752,0.9878519801667327,0.9879143928033529
3407,CNN-BiLSTM-Attention,1.0,9,4866,0+1+2,3,True,0.8,1.2,10.0,30.0,64,0.05438104158392167,0.9866420057542129,0.9868621439030753,0.023460012395421226,0.9912906274597676,0.9913018745187706
3407,CNN-BiLSTM-Attention,1.0,10,4866,0+1+2,3,True,0.8,1.2,10.0,30.0,64,0.05813349609558371,0.9802712700369913,0.9805574738926994,0.02466063819641604,0.9917674991812744,0.9917707043127427
